INSERT INTO auto (auto_id, auto_name, mileage) VALUES (1, 'Audi', 100);
INSERT INTO auto (auto_id, auto_name, mileage) VALUES (2, 'BMW', 200);
INSERT INTO auto (auto_id, auto_name, mileage) VALUES (3, 'Hyundai', 270);
INSERT INTO auto (auto_id, auto_name, mileage) VALUES (4, 'Mercedes', 130);
INSERT INTO auto (auto_id, auto_name, mileage) VALUES (5, 'Audi', 50);
INSERT INTO auto (auto_id, auto_name, mileage) VALUES (6, 'Skoda', 20);
INSERT INTO auto (auto_id, auto_name, mileage) VALUES (7, 'Ford', 70);
INSERT INTO auto (auto_id, auto_name, mileage) VALUES (8, 'Nissan', 50);
INSERT INTO auto (auto_id, auto_name, mileage) VALUES (9, 'Audi', 35);
INSERT INTO auto (auto_id, auto_name, mileage) VALUES (10, 'Mazda', 50);
INSERT INTO auto (auto_id, auto_name, mileage) VALUES (11, 'BMW', 80);
INSERT INTO auto (auto_id, auto_name, mileage) VALUES (12, 'Skoda', 15);
INSERT INTO auto (auto_id, auto_name, mileage) VALUES (13, 'Subaru', 60);
INSERT INTO auto (auto_id, auto_name, mileage) VALUES (14, 'Ford', 500);
INSERT INTO auto (auto_id, auto_name, mileage) VALUES (15, 'Hyundai', 10);

INSERT INTO car_owner(owner_id, fio, owner_age, owner_city) VALUES (1, 'Сидоров А.А.', 30, 'Москва');
INSERT INTO car_owner(owner_id, fio, owner_age, owner_city) VALUES (2, 'Петров Б.Б.', 20, 'Казань');
INSERT INTO car_owner(owner_id, fio, owner_age, owner_city) VALUES (3, 'Иванов В.В.', 25, 'Воронеж');
INSERT INTO car_owner(owner_id, fio, owner_age, owner_city) VALUES (4, 'Медведева Г.Г.', 27, 'Новокузнецк');
INSERT INTO car_owner(owner_id, fio, owner_age, owner_city) VALUES (5, 'Сотников Д.Д.', 40, 'Москва');
INSERT INTO car_owner(owner_id, fio, owner_age, owner_city) VALUES (6, 'Зайдуллин Е.Е.', 19, 'Казань');
INSERT INTO car_owner(owner_id, fio, owner_age, owner_city) VALUES (7, 'Дьячков Ж.Ж.', 26, 'Санкт-Петербург');
INSERT INTO car_owner(owner_id, fio, owner_age, owner_city) VALUES (8, 'Токранов З.З.', 21, 'Йошкар-Ола');
INSERT INTO car_owner(owner_id, fio, owner_age, owner_city) VALUES (9, 'Стрелков И.И.', 18, 'Челябинск');
INSERT INTO car_owner(owner_id, fio, owner_age, owner_city) VALUES (10, 'Волин К.К.', 21, 'Ставрополь');
INSERT INTO car_owner(owner_id, fio, owner_age, owner_city) VALUES (11, 'Юсупов Л.Л.', 24, 'Казань');
INSERT INTO car_owner(owner_id, fio, owner_age, owner_city) VALUES (12, 'Николаев М.М.', 18, 'Нижний Новгород');
INSERT INTO car_owner(owner_id, fio, owner_age, owner_city) VALUES (13, 'Юматов Н.Н.', 27, 'Санкт-Петербург');
INSERT INTO car_owner(owner_id, fio, owner_age, owner_city) VALUES (14, 'Исмагилов О.О.', 50, 'Казань');
INSERT INTO car_owner(owner_id, fio, owner_age, owner_city) VALUES (15, 'Садыков П.П.', 18, 'Казань');

INSERT INTO auto_car_owner(auto_id, owner_id) VALUES (1, 15);
INSERT INTO auto_car_owner(auto_id, owner_id) VALUES (2, 14);
INSERT INTO auto_car_owner(auto_id, owner_id) VALUES (3, 13);
INSERT INTO auto_car_owner(auto_id, owner_id) VALUES (4, 12);
INSERT INTO auto_car_owner(auto_id, owner_id) VALUES (5, 11);
INSERT INTO auto_car_owner(auto_id, owner_id) VALUES (6, 10);
INSERT INTO auto_car_owner(auto_id, owner_id) VALUES (7, 9);
INSERT INTO auto_car_owner(auto_id, owner_id) VALUES (8, 8);
INSERT INTO auto_car_owner(auto_id, owner_id) VALUES (9, 7);
INSERT INTO auto_car_owner(auto_id, owner_id) VALUES (10, 6);
INSERT INTO auto_car_owner(auto_id, owner_id) VALUES (11, 5);
INSERT INTO auto_car_owner(auto_id, owner_id) VALUES (12, 4);
INSERT INTO auto_car_owner(auto_id, owner_id) VALUES (13, 3);
INSERT INTO auto_car_owner(auto_id, owner_id) VALUES (14, 2);
INSERT INTO auto_car_owner(auto_id, owner_id) VALUES (15, 1);